Question,Answer
Что такое система SCADA и её основное назначение?,SCADA (Supervisory Control and Data Acquisition) — это система для сбора и анализа данных в режиме реального времени с целью управления промышленными процессами.
Какие методы защиты от перегрузки в электродвигателях?,"Используются автоматические выключатели, тепловые реле и устройства защиты от коротких замыканий."
Что такое подъемно-транспортное оборудование?,"Это оборудование, предназначенное для перемещения грузов, включая лифты, конвейеры, краны и тележки."
Как проводится мониторинг вибрации на оборудовании?,"С помощью датчиков вибрации, которые контролируют колебания, выявляя отклонения от нормы."
Какие виды датчиков давления используются в промышленности?,"Основные типы включают пьезоэлектрические, резистивные и индуктивные датчики давления."
Что такое углекислотная сварка и её преимущества?,"Углекислотная сварка использует CO₂ в качестве защитного газа, что делает процесс экономичным и эффективным."
Какие системы автоматического управления используются в промышленности?,"Используются PID-контроллеры, логические реле, программируемые логические контроллеры и системы SCADA."
Каковы требования к пожарной безопасности в промышленных помещениях?,"Требуется наличие сигнализации, систем тушения, противопожарных выходов и обучение сотрудников."
Что такое система CMMS и для чего она используется?,"CMMS (Computerized Maintenance Management System) управляет техническим обслуживанием, ведёт учёт оборудования и запчастей."
Каковы основные виды резки металлов?,"Механическая, лазерная, плазменная и газовая резка."
Какие преимущества имеет использование ультразвуковых очистителей?,Они эффективно очищают сложные поверхности и труднодоступные места без повреждений.
Что такое точечная сварка?,"Это вид сварки, при котором соединение металлов осуществляется в определённых точках."
Как проводится контроль качества сварочных швов?,"Используются визуальный осмотр, рентгенографический и ультразвуковой контроль."
Какие методы используются для повышения долговечности оборудования?,"Регулярное обслуживание, использование качественных смазочных материалов и соблюдение норм эксплуатации."
Что такое токарная обработка и где она применяется?,Это процесс удаления материала с заготовки с помощью токарного станка. Применяется для создания цилиндрических деталей.
Какие существуют системы автоматического выключения при аварии?,"Автоматические реле, аварийные кнопки отключения и блокировки безопасности."
Какой тип металла лучше для изготовления пресс-форм?,Часто используются инструментальные стали с высокой твёрдостью и износостойкостью.
Что такое инспекция и мониторинг оборудования?,Процесс регулярных проверок и контроля состояния оборудования для предотвращения поломок.
Какие существуют типы фильтрации воздуха в промышленных условиях?,"Механическая фильтрация, электростатические фильтры и угольные фильтры."
Каковы основные принципы планово-предупредительного ремонта?,Регулярное проведение работ по замене и ремонту оборудования для предотвращения аварий.
Что такое антикоррозийное покрытие и зачем оно необходимо?,Антикоррозийное покрытие защищает металл от коррозии и продлевает срок службы оборудования.
Какие преимущества использования электроники в системах управления?,"Точность, надёжность, высокая скорость отклика и возможность автоматизации."
Что такое механическая передача?,Механическая передача передаёт вращение или движение между частями оборудования.
Какие типы лазеров используются для резки металла?,"CO₂-лазеры, волоконные лазеры и Nd:YAG-лазеры."
Как защитить оборудование от перегрузки?,"Использовать устройства ограничения нагрузки, тепловые реле и защитные автоматики."
Что такое электропривод и где он применяется?,"Электропривод обеспечивает механическое движение за счёт электрической энергии, используется в машинах и механизмам."
Как выбрать охлаждающую систему для оборудования?,"Необходимо учитывать мощность, температуру и тип оборудования (воздушное, водяное охлаждение)."
Какие существуют методы испытания подшипников?,"Включают осмотр, измерение вибраций, термографию и ультразвуковое тестирование."
Что такое шлифовка и для чего она применяется?,Шлифовка удаляет неровности с поверхности металла и придаёт ей гладкость.
Какие существуют виды герметиков для промышленного использования?,"Силиконовые, полиуретановые, эпоксидные и акриловые герметики."
Как производится контроль изоляции электрических проводов?,"Проверка на целостность, сопротивление изоляции и заземление для предотвращения замыканий и аварий."
Что такое токовая защита и её виды?,"Система, защищающая оборудование от перегрузки и короткого замыкания; включает тепловую и электронную защиту."
Как проводится испытание труб на прочность?,"С помощью гидравлического или пневматического давления, проверяя устойчивость к разрыву и деформации."
Какие существуют типы термопар для измерения температуры?,"Типы K, J, T, E используются для различных температурных диапазонов и условий."
Что такое автоматический выключатель и его функции?,"Устройство, отключающее электрическую цепь при перегрузке или коротком замыкании для защиты оборудования."
Какой тип покрытий лучше для защиты от кислот?,Эпоксидные и виниловые покрытия эффективно защищают оборудование от агрессивных кислотных сред.
Какие системы автоматического контроля температуры существуют?,"Используются термостаты, термопары и контроллеры температуры."
Как проводится анализ воды на промышленном объекте?,"С помощью тестов на pH, жесткость, содержание примесей и микробиологический состав."
Что такое система кондиционирования и её роль?,"Система для охлаждения, очистки и поддержания влажности воздуха в помещениях."
Какую роль выполняет вакуумная упаковка в промышленности?,"Позволяет продлить срок хранения продукции, защищая её от окисления и влаги."
Какие существуют типы сварочных аппаратов?,"Инверторные, трансформаторные и полуавтоматические сварочные аппараты."
Что такое промышленная сушка и её методы?,"Процесс удаления влаги из продуктов с использованием воздуха, вакуума или инфракрасного нагрева."
Каковы основные функции промышленных насосов?,"Перекачка жидкостей, повышение давления и регулирование потока."
Что такое система аварийного отключения и её важность?,"Система, моментально отключающая оборудование при аварийной ситуации для предотвращения повреждений."
Какие преимущества у порошковой металлургии?,Позволяет создавать сложные формы деталей с минимальными отходами и высокой точностью.
Каковы требования к оборудованию для пищевой промышленности?,"Оно должно быть из нержавеющей стали, легко чиститься и быть безопасным для продуктов питания."
Что такое порошковое покрытие и его плюсы?,"Порошковое покрытие — это метод нанесения полимерного порошка, устойчивого к коррозии и износу."
Какие виды двигателей используются в транспорте?,"Бензиновые, дизельные, электрические и гибридные двигатели."
Как проводится калибровка датчиков температуры?,Сравнение показаний датчика с эталонными значениями и корректировка при необходимости.
Какие типы защитных костюмов применяются на заводах?,"Противохимические, огнестойкие, защитные от электромагнитных полей и термозащитные костюмы."
